,Posicao,Velocidade,Acao
0,-0.55169195,0.00021203385,1
1,-0.5502694,0.0014224831,2
2,-0.5476471,0.0026222998,2
3,-0.54384464,0.003802506,2
4,-0.53889036,0.0049542566,2
5,-0.5328215,0.0060689035,2
6,-0.5256834,0.007138065,2
7,-0.5175297,0.008153699,2
8,-0.50842154,0.009108184,2
9,-0.49842712,0.009994394,2
10,-0.48762134,0.010805787,2
11,-0.47608486,0.011536479,2
12,-0.46390355,0.0121813305,2
13,-0.45116752,0.012736006,2
14,-0.4379705,0.0131970355,2
15,-0.42440864,0.013561863,2
16,-0.41057977,0.013828868,2
17,-0.3965824,0.013997373,2
18,-0.38251474,0.014067637,2
19,-0.36847395,0.0140408175,2
20,-0.354555,0.013918923,2
21,-0.34085026,0.013704745,2
22,-0.3274485,0.013401768,2
23,-0.3144344,0.013014086,2
24,-0.30188814,0.0125462925,2
25,-0.28988475,0.0120033845,2
26,-0.2784941,0.011390658,2
27,-0.26778048,0.010713607,2
28,-0.25780264,0.009977843,2
29,-0.24861363,0.009189008,2
30,-0.24026091,0.008352714,2
31,-0.23278642,0.00747449,2
32,-0.22622667,0.006559745,2
33,-0.22061293,0.0056137396,2
34,-0.21597135,0.004641581,2
35,-0.21232313,0.0036482199,2
36,-0.20968467,0.002638465,2
37,-0.20806767,0.0016170038,2
38,-0.20747924,0.00058843085,2
39,-0.20792195,-0.00044271824,2
40,-0.21039388,-0.0024719296,1
41,-0.21488415,-0.004490257,1
42,-0.22137266,-0.0064885286,1
43,-0.22982985,-0.00845718,1
44,-0.24021596,-0.0103861075,1
45,-0.2524805,-0.012264553,1
46,-0.26656154,-0.014081044,1
47,-0.28238493,-0.015823375,1
48,-0.2998636,-0.01747867,1
49,-0.3188971,-0.019033497,1
50,-0.34037116,-0.021474065,0
51,-0.36415127,-0.023780107,0
52,-0.39008215,-0.025930878,0
53,-0.41798785,-0.02790569,0
54,-0.44767243,-0.029684586,0
55,-0.47892156,-0.031249123,0
56,-0.51150477,-0.0325832,0
57,-0.54517865,-0.033673886,0
58,-0.57969075,-0.03451215,0
59,-0.61478424,-0.03509344,0
60,-0.6502023,-0.03541805,0
61,-0.68569344,-0.035491187,0
62,-0.7210163,-0.035322826,0
63,-0.75594354,-0.03492725,0
64,-0.7902659,-0.034322385,0
65,-0.8237949,-0.03352899,0
66,-0.85636467,-0.03256976,0
67,-0.88783306,-0.031468384,0
68,-0.91808176,-0.0302487,0
69,-0.94701564,-0.028933914,0
70,-0.97456163,-0.027545976,0
71,-1.0006667,-0.026105097,0
72,-1.0252962,-0.024629414,0
73,-1.0484309,-0.023134809,0
74,-1.0700657,-0.021634826,0
75,-1.0902065,-0.020140707,0
76,-1.108868,-0.018661488,0
77,-1.1260722,-0.017204152,0
78,-1.141846,-0.015773814,0
79,-1.1562198,-0.014373921,0
80,-1.1692263,-0.013006449,0
81,-1.1808984,-0.01167211,0
82,-1.1912689,-0.010370533,0
83,-1.2,0.0,0
84,-1.1987581,0.0012418961,0
85,-1.1952702,0.0034878983,1
86,-1.1895249,0.0057452656,1
87,-1.1815041,0.0080208145,1
88,-1.1711835,0.010320615,1
89,-1.1585338,0.012649659,1
90,-1.1435224,0.015011499,1
91,-1.1261145,0.01740784,1
92,-1.1062764,0.019838102,1
93,-1.0839775,0.02229894,1
94,-1.0591937,0.024783736,1
95,-1.0319116,0.027282117,1
96,-1.0021322,0.02977949,1
97,-0.96987545,0.032256678,1
98,-0.93518573,0.034689717,1
99,-0.89813584,0.03704989,1
100,-0.85883176,0.03930406,1
101,-0.81741637,0.0414154,1
102,-0.7740718,0.04334456,1
103,-0.7290206,0.04505125,1
104,-0.6825243,0.04649623,1
105,-0.63488084,0.047643524,1
106,-0.5864181,0.048462722,1
107,-0.536487,0.049931083,2
108,-0.48545927,0.051027723,2
109,-0.43371698,0.0517423,2
110,-0.38164067,0.052076325,2
111,-0.32959712,0.05204353,2
112,-0.27792785,0.05166928,2
113,-0.22693875,0.050989084,2
114,-0.17689233,0.050046436,2
115,-0.12800205,0.048890274,2
116,-0.080429696,0.04757235,2
117,-0.034284927,0.046144772,2
118,0.010373056,0.044657983,2
119,0.05353225,0.043159194,2
120,0.09522361,0.041691363,2
121,0.13551629,0.04029268,2
122,0.17451274,0.038996454,2
123,0.21234407,0.037831314,2
124,0.24916571,0.036821652,2
125,0.2851539,0.03598817,2
126,0.32050237,0.035348497,2
127,0.35542017,0.034917783,2
128,0.39012945,0.034709282,2
129,0.42486423,0.034734797,2
130,0.45986933,0.035005067,2
131,0.49539933,0.035530005,2
132,0.5317181,0.03631876,2
133,-0.40300718,-0.00089108414,1
134,-0.4057831,-0.0027759208,0
135,-0.41042435,-0.0046412554,0
136,-0.4168982,-0.0064738495,0
137,-0.4251587,-0.008260507,0
138,-0.43514684,-0.009988123,0
139,-0.44679058,-0.011643754,0
140,-0.4600053,-0.013214732,0
141,-0.4746941,-0.0146887945,0
142,-0.49074838,-0.016054265,0
143,-0.5080486,-0.017300244,0
144,-0.5264655,-0.018416828,0
145,-0.54586077,-0.019395329,0
146,-0.5660893,-0.020228488,0
147,-0.58699995,-0.020910671,0
148,-0.60843796,-0.021438025,0
149,-0.6302465,-0.021808578,0
150,-0.6522688,-0.022022296,0
151,-0.6743499,-0.022081058,0
152,-0.6963385,-0.021988574,0
153,-0.7180887,-0.02175024,0
154,-0.73946166,-0.021372933,0
155,-0.7603264,-0.02086477,0
156,-0.78056127,-0.020234838,0
157,-0.80005413,-0.01949291,0
158,-0.8187033,-0.01864915,0
159,-0.8364172,-0.017713867,0
160,-0.8531144,-0.01669725,0
161,-0.86872363,-0.0156091815,0
162,-0.88318264,-0.0144590475,0
163,-0.8964383,-0.013255626,0
164,-0.9084453,-0.012006991,0
165,-0.91916573,-0.010720469,0
166,-0.92856836,-0.009402624,0
167,-0.9366276,-0.00805928,0
168,-0.9433232,-0.006695563,0
169,-0.94863915,-0.00531597,0
170,-0.95256364,-0.003924456,0
171,-0.95508814,-0.0025245314,0
172,-0.9562075,-0.0011193721,0
173,-0.9559195,0.000288064,0
174,-0.95322454,0.0026949167,1
175,-0.94812834,0.005096225,1
176,-0.9406417,0.00748662,1
177,-0.9307817,0.00985997,1
178,-0.9185727,0.012209047,1
179,-0.9040475,0.014525221,1
180,-0.8872493,0.016798208,1
181,-0.8682334,0.019015873,1
182,-0.84706926,0.021164129,1
183,-0.82384235,0.023226924,1
184,-0.798656,0.025186377,1
185,-0.7716329,0.027023038,1
186,-0.7429166,0.028716316,1
187,-0.7126715,0.030245064,1
188,-0.68108326,0.031588286,1
189,-0.6483573,0.032725964,1
190,-0.61471736,0.03363996,1
191,-0.5804025,0.03431487,1
192,-0.5446636,0.03573884,2
193,-0.5077669,0.03689672,2
194,-0.46998888,0.037778027,2
195,-0.43161118,0.038377684,2
196,-0.39291468,0.0386965,2
197,-0.35417342,0.038741287,2
198,-0.3156488,0.038524605,2
199,-0.2775846,0.038064197,2
200,-0.24020252,0.037382092,2
201,-0.20369893,0.03650358,2
202,-0.1682429,0.03545603,2
203,-0.13397513,0.03426777,2
204,-0.10100814,0.032966994,2
205,-0.069427244,0.0315809,2
206,-0.039292313,0.03013493,2
207,-0.010640035,0.028652277,2
208,0.016513515,0.027153552,2
209,0.042170133,0.025656618,2
210,0.066346735,0.024176598,2
211,0.08907269,0.022725957,2
212,0.11038737,0.021314682,2
213,0.1303379,0.01995052,2
214,0.1489771,0.018639212,2
215,0.16636187,0.017384768,2
216,0.1825516,0.016189717,2
217,0.19760694,0.015055346,2
218,0.21158886,0.013981926,2
219,0.22455776,0.012968902,2
220,0.23657282,0.012015062,2
221,0.24769153,0.0111187,2
222,0.25796923,0.010277719,2
223,0.267459,0.009489757,2
224,0.27621126,0.0087522585,2
225,0.2842738,0.00806255,2
226,0.29169172,0.007417898,2
227,0.29850724,0.00681555,2
228,0.30476004,0.006252771,2
229,0.31048688,0.0057268683,2
230,0.3157221,0.0052352124,2
231,0.32049736,0.004775248,2
232,0.32484186,0.0043445053,2
233,0.32878247,0.0039406037,2
234,0.33234373,0.0035612541,2
235,0.33554798,0.0032042589,2
236,0.33841547,0.0028675094,2
237,0.34096447,0.002548983,2
238,0.3432112,0.0022467372,2
239,0.3451701,0.001958905,2
240,0.3468538,0.0016836874,2
241,0.34827316,0.0014193474,2
242,0.34943736,0.0011642022,2
243,0.35035396,0.0009166159,2
244,0.35102895,0.00067499175,2
245,0.35146672,0.00043776413,2
246,0.35167012,0.00020339052,2
247,0.35164046,-2.9656328e-05,2
248,0.35037756,-0.0012628967,1
249,0.34787318,-0.0025043671,1
250,0.34411108,-0.0037621057,1
251,0.33906692,-0.005044149,1
252,0.33270842,-0.0063585215,1
253,0.3249952,-0.0077132187,1
254,0.31587902,-0.009116168,1
255,0.30530384,-0.010575177,1
256,0.293206,-0.012097847,1
257,0.27951455,-0.013691461,1
258,0.26415172,-0.015362827,1
259,0.24703364,-0.017118076,1
260,0.22807126,-0.018962389,1
261,0.20717157,-0.02089968,1
262,0.1842394,-0.022932174,1
263,0.15917948,-0.025059925,1
264,0.13189922,-0.027280247,1
265,0.102312155,-0.029587068,1
266,0.07034193,-0.031970225,1
267,0.03592716,-0.03441477,1
268,-0.0009730983,-0.03690026,1
269,-0.040373348,-0.03940025,1
270,-0.08225528,-0.041881934,1
271,-0.1265615,-0.044306204,1
272,-0.17318964,-0.04662816,1
273,-0.22198789,-0.04879824,1
274,-0.27275193,-0.050764047,1
275,-0.32522473,-0.052472785,1
276,-0.38009903,-0.05487431,0
277,-0.43701664,-0.05691762,0
278,-0.49557635,-0.05855971,0
279,-0.555346,-0.05976963,0
280,-0.61587787,-0.060531884,0
281,-0.67672646,-0.060848597,0
282,-0.7374666,-0.06074011,0
283,-0.7977105,-0.06024391,0
284,-0.85712254,-0.059412066,0
285,-0.9154302,-0.058307618,0
286,-0.9724306,-0.057000417,0
287,-1.0279937,-0.055563044,0
288,-1.0820608,-0.05406719,0
289,-1.1346416,-0.052580852,0
290,-1.1858081,-0.05116638,0
291,-1.2,0.0,0
292,-1.1987581,0.0012418961,0
293,-1.1952702,0.0034878983,1
294,-1.1895249,0.0057452656,1
295,-1.1815041,0.0080208145,1
296,-1.1711835,0.010320615,1
297,-1.1585338,0.012649659,1
298,-1.1435224,0.015011499,1
299,-1.1261145,0.01740784,1
300,-1.1062764,0.019838102,1
301,-1.0839775,0.02229894,1
302,-1.0591937,0.024783736,1
303,-1.0319116,0.027282117,1
304,-1.0021322,0.02977949,1
305,-0.96987545,0.032256678,1
306,-0.93518573,0.034689717,1
307,-0.89813584,0.03704989,1
308,-0.85883176,0.03930406,1
309,-0.81741637,0.0414154,1
310,-0.7740718,0.04334456,1
311,-0.7290206,0.04505125,1
312,-0.6825243,0.04649623,1
313,-0.63488084,0.047643524,1
314,-0.5864181,0.048462722,1
315,-0.536487,0.049931083,2
316,-0.48545927,0.051027723,2
317,-0.43371698,0.0517423,2
318,-0.38164067,0.052076325,2
319,-0.32959712,0.05204353,2
320,-0.27792785,0.05166928,2
321,-0.22693875,0.050989084,2
322,-0.17689233,0.050046436,2
323,-0.12800205,0.048890274,2
324,-0.080429696,0.04757235,2
325,-0.034284927,0.046144772,2
326,0.010373056,0.044657983,2
327,0.05353225,0.043159194,2
328,0.09522361,0.041691363,2
329,0.13551629,0.04029268,2
330,0.17451274,0.038996454,2
331,0.21234407,0.037831314,2
332,0.24916571,0.036821652,2
333,-0.5061184,-0.00013203132,1
334,-0.5073815,-0.0012630738,0
335,-0.50976616,-0.0023846552,0
336,-0.5132545,-0.00348837,0
337,-0.5178205,-0.0045659393,0
338,-0.52342975,-0.0056092744,0
339,-0.53004026,-0.006610542,0
340,-0.53760254,-0.0075622336,0
341,-0.5460598,-0.008457237,0
342,-0.5553487,-0.009288907,0
343,-0.5653998,-0.010051142,0
344,-0.57613826,-0.010738456,0
345,-0.5874843,-0.011346039,0
346,-0.59935415,-0.011869825,0
347,-0.61166066,-0.012306538,0
348,-0.6243144,-0.012653731,0
349,-0.6372242,-0.0129098045,0
350,-0.65029824,-0.013074022,0
351,-0.6634447,-0.013146492,0
352,-0.67657286,-0.013128146,0
353,-0.68959355,-0.0130206905,0
354,-0.7024201,-0.012826552,0
355,-0.7149689,-0.0125488015,0
356,-0.72716,-0.012191081,0
357,-0.7389175,-0.011757513,0
358,-0.7501701,-0.011252606,0
359,-0.76085126,-0.01068118,0
360,-0.77089953,-0.0100482665,0
361,-0.7802586,-0.0093590375,0
362,-0.7888773,-0.008618736,0
363,-0.79670995,-0.007832615,0
364,-0.8037158,-0.0070058876,0
365,-0.8098595,-0.006143694,0
366,-0.8151106,-0.005251075,0
367,-0.8194436,-0.004332961,0
368,-0.8228377,-0.0033941672,0
369,-0.82527715,-0.002439403,0
370,-0.8267504,-0.001473286,0
371,-0.8272508,-0.0005003633,0
372,-0.8267759,0.000474862,0
373,-0.824328,0.0024479022,1
374,-0.8199184,0.0044096145,1
375,-0.81356776,0.0063506546,1
376,-0.80530643,0.008261327,1
377,-0.79517496,0.010131459,1
378,-0.78322464,0.0119503075,1
379,-0.76951814,0.01370651,1
380,-0.75413007,0.015388086,1
381,-0.73714757,0.0169825,1
382,-0.7186708,0.018476784,1
383,-0.698813,0.019857733,1
384,-0.6777009,0.021112157,1
385,-0.6554737,0.02222719,1
386,-0.63228303,0.023190651,1
387,-0.6082916,0.023991417,1
388,-0.5836718,0.024619801,1
389,-0.5576039,0.026067914,2
390,-0.5302814,0.02732251,2
391,-0.5019088,0.028372627,2
392,-0.4726987,0.029210066,2
393,-0.4428689,0.029829798,2
394,-0.41263866,0.030230226,2
395,-0.38222536,0.03041331,2
396,-0.35184085,0.030384513,2
397,-0.32168826,0.03015258,2
398,-0.2919591,0.02972917,2
399,-0.26283073,0.029128361,2
400,-0.23446468,0.028366074,2
401,-0.20700523,0.027459444,2
402,-0.180579,0.026426226,2
403,-0.1552948,0.02528419,2
404,-0.13124418,0.024050627,2
405,-0.10850227,0.02274192,2
406,-0.08712907,0.021373197,2
407,-0.067170955,0.019958116,2
408,-0.04866225,0.018508704,2
409,-0.03162695,0.017035296,2
410,-0.016080411,0.015546541,2
411,-0.002030962,0.01404945,2
412,0.010518534,0.012549496,2
413,0.021569274,0.01105074,2
414,0.031125247,0.009555972,2
415,0.03919211,0.008066864,2
416,0.045776233,0.0065841237,2
417,0.050883897,0.005107661,2
418,0.054520626,0.0036367325,2
419,0.056690726,0.0021700985,2
420,0.057396892,0.00070616713,2
421,0.05664003,-0.00075686234,2
422,0.053419173,-0.003220858,1
423,0.04773035,-0.0056888238,1
424,0.039567113,-0.008163238,1
425,0.028921464,-0.010645646,1
426,0.015785223,-0.013136242,1
427,0.00015178455,-0.01563344,1
428,-0.017981654,-0.01813344,1
429,-0.038611457,-0.020629803,1
430,-0.061724506,-0.02311305,1
431,-0.08729482,-0.025570309,1
432,-0.11527988,-0.02798507,1
433,-0.14561693,-0.030337047,1
434,-0.1782192,-0.03260227,1
435,-0.21297258,-0.034753375,1
436,-0.2497328,-0.03676023,1
437,-0.2883236,-0.03859082,1
438,-0.3285361,-0.040212475,1
439,-0.37112945,-0.042593364,0
440,-0.4158269,-0.044697423,0
441,-0.4623186,-0.046491705,0
442,-0.5102673,-0.04794872,0
443,-0.559316,-0.04904868,0
444,-0.6090973,-0.049781315,0
445,-0.6592444,-0.050147083,0
446,-0.70940197,-0.050157588,0
447,-0.7592371,-0.049835112,0
448,-0.8084485,-0.049211387,0
449,-0.85677415,-0.0483257,0
450,-0.9039968,-0.047222663,0
451,-0.94994664,-0.04594983,0
452,-0.9945021,-0.044555478,0
453,-1.0375888,-0.04308665,0
454,-1.0791765,-0.04158769,0
455,-1.1192757,-0.04009919,0
456,-1.1579331,-0.03865741,0
457,-1.1952271,-0.037294094,0
458,-1.2,0.0,0
459,-1.1987581,0.0012418961,0
460,-1.1952702,0.0034878983,1
461,-1.1895249,0.0057452656,1
462,-1.1815041,0.0080208145,1
463,-1.1711835,0.010320615,1
464,-1.1585338,0.012649659,1
465,-1.1435224,0.015011499,1
466,-1.1261145,0.01740784,1
467,-1.1062764,0.019838102,1
468,-1.0839775,0.02229894,1
469,-1.0591937,0.024783736,1
470,-1.0319116,0.027282117,1
471,-1.0021322,0.02977949,1
472,-0.96987545,0.032256678,1
473,-0.93518573,0.034689717,1
474,-0.89813584,0.03704989,1
475,-0.85883176,0.03930406,1
476,-0.81741637,0.0414154,1
477,-0.7740718,0.04334456,1
478,-0.7290206,0.04505125,1
479,-0.6825243,0.04649623,1
480,-0.63488084,0.047643524,1
481,-0.5864181,0.048462722,1
482,-0.536487,0.049931083,2
483,-0.48545927,0.051027723,2
484,-0.43371698,0.0517423,2
485,-0.38164067,0.052076325,2
486,-0.32959712,0.05204353,2
487,-0.27792785,0.05166928,2
488,-0.22693875,0.050989084,2
489,-0.17689233,0.050046436,2
490,-0.12800205,0.048890274,2
491,-0.080429696,0.04757235,2
492,-0.034284927,0.046144772,2
493,0.010373056,0.044657983,2
494,0.05353225,0.043159194,2
495,0.09522361,0.041691363,2
496,0.13551629,0.04029268,2
497,0.17451274,0.038996454,2
498,0.21234407,0.037831314,2
499,0.24916571,0.036821652,2
500,0.2851539,0.03598817,2
501,0.32050237,0.035348497,2
502,0.35542017,0.034917783,2
503,0.39012945,0.034709282,2
504,0.42486423,0.034734797,2
505,0.45986933,0.035005067,2
506,0.49539933,0.035530005,2
507,0.5317181,0.03631876,2
508,-0.57351613,0.00037576904,1
509,-0.5717674,0.0017487516,2
510,-0.56865865,0.00310876,2
511,-0.564213,0.004445681,2
512,-0.5584634,0.005749534,2
513,-0.5514529,0.0070105423,2
514,-0.5432337,0.008219205,2
515,-0.5338673,0.009366382,2
516,-0.5234239,0.010443383,2
517,-0.51198184,0.011442072,2
518,-0.49962687,0.0123549625,2
519,-0.48645154,0.013175328,2
520,-0.47255424,0.0138973,2
521,-0.45803827,0.014515961,2
522,-0.44301087,0.015027421,2
523,-0.42758197,0.015428882,2
524,-0.4118633,0.015718674,2
525,-0.39596704,0.015896263,2
526,-0.3800048,0.015962245,2
527,-0.3640865,0.01591829,2
528,-0.3483194,0.015767088,2
529,-0.33280718,0.015512244,2
530,-0.317649,0.015158169,2
531,-0.30293906,0.014709961,2
532,-0.2887658,0.014173263,2
533,-0.27521166,0.013554133,2
534,-0.26235273,0.012858906,2
535,-0.25025865,0.012094076,2
536,-0.2389925,0.011266177,2
537,-0.2286108,0.010381688,2
538,-0.21916385,0.009446958,2
539,-0.2106957,0.008468139,2
540,-0.20324455,0.0074511487,2
541,-0.19684291,0.0064016473,2
542,-0.19151787,0.0053250315,2
543,-0.18729143,0.004226444,2
544,-0.18418063,0.0031107988,2
545,-0.18219782,0.001982816,2
546,-0.18135075,0.00084706565,2
547,-0.18164274,-0.00029197996,2
548,-0.18407263,-0.0024298911,1
549,-0.18863092,-0.004558299,1
550,-0.1952995,-0.0066685746,1
551,-0.2040511,-0.008751614,1
552,-0.21484876,-0.010797645,1
553,-0.22764483,-0.012796076,1
554,-0.24238022,-0.014735387,1
555,-0.2589833,-0.016603082,1
556,-0.27736902,-0.01838572,1
557,-0.29743806,-0.020069018,1
558,-0.3190761,-0.021638049,1
559,-0.34315363,-0.02407752,0
560,-0.36951932,-0.026365722,0
561,-0.39799994,-0.028480604,0
562,-0.4284004,-0.030400462,0
563,-0.4605052,-0.032104783,0
564,-0.49408036,-0.033575166,0
565,-0.5288766,-0.034796264,0
566,-0.5646333,-0.03575668,0
567,-0.601083,-0.0364497,0
568,-0.6379568,-0.036873788,0
569,-0.67498964,-0.037032828,0
570,-0.7119256,-0.036936034,0
571,-0.7485232,-0.036597535,0
572,-0.7845589,-0.03603573,0
573,-0.8198313,-0.035272423,0
574,-0.8541631,-0.034331795,0
575,-0.88740253,-0.03323941,0
576,-0.91942376,-0.032021213,0
577,-0.9501264,-0.030702643,0
578,-0.9794343,-0.029307904,0
579,-1.0072937,-0.027859384,0
580,-1.0336709,-0.026377276,0
581,-1.0585502,-0.024879334,0
582,-1.0819311,-0.023380784,0
583,-1.1038254,-0.021894343,0
584,-1.1242558,-0.020430332,0
585,-1.1432526,-0.018996838,0
586,-1.1608526,-0.01759992,0
587,-1.1770964,-0.01624384,0
588,-1.1920277,-0.014931278,0
589,-1.2,0.0,0
590,-1.1987581,0.0012418961,0
591,-1.1952702,0.0034878983,1
592,-1.1895249,0.0057452656,1
593,-1.1815041,0.0080208145,1
594,-1.1711835,0.010320615,1
595,-1.1585338,0.012649659,1
596,-1.1435224,0.015011499,1
597,-1.1261145,0.01740784,1
598,-1.1062764,0.019838102,1
599,-1.0839775,0.02229894,1
600,-1.0591937,0.024783736,1
601,-1.0319116,0.027282117,1
602,-1.0021322,0.02977949,1
603,-0.96987545,0.032256678,1
604,-0.93518573,0.034689717,1
605,-0.89813584,0.03704989,1
606,-0.85883176,0.03930406,1
607,-0.81741637,0.0414154,1
608,-0.7740718,0.04334456,1
609,-0.7290206,0.04505125,1
610,-0.6825243,0.04649623,1
611,-0.63488084,0.047643524,1
612,-0.5864181,0.048462722,1
613,-0.536487,0.049931083,2
614,-0.48545927,0.051027723,2
615,-0.43371698,0.0517423,2
616,-0.38164067,0.052076325,2
617,-0.32959712,0.05204353,2
618,-0.27792785,0.05166928,2
619,-0.22693875,0.050989084,2
620,-0.17689233,0.050046436,2
621,-0.12800205,0.048890274,2
622,-0.080429696,0.04757235,2
623,-0.034284927,0.046144772,2
624,0.010373056,0.044657983,2
625,0.05353225,0.043159194,2
626,0.09522361,0.041691363,2
627,0.13551629,0.04029268,2
628,0.17451274,0.038996454,2
629,0.21234407,0.037831314,2
630,0.24916571,0.036821652,2
631,0.2851539,0.03598817,2
632,0.32050237,0.035348497,2
633,0.35542017,0.034917783,2
634,0.39012945,0.034709282,2
635,0.42486423,0.034734797,2
636,0.45986933,0.035005067,2
637,0.49539933,0.035530005,2
638,0.5317181,0.03631876,2
639,-0.4282159,-0.00071076135,1
640,-0.4306323,-0.0024164103,0
641,-0.43473697,-0.004104655,0
642,-0.4405002,-0.0057632523,0
643,-0.44788027,-0.007380056,0
644,-0.45682335,-0.008943073,0
645,-0.46726388,-0.010440547,0
646,-0.47912493,-0.01186105,0
647,-0.49231854,-0.013193615,0
648,-0.5067464,-0.014427872,0
649,-0.5223006,-0.015554211,0
650,-0.53886455,-0.016563948,0
651,-0.55631405,-0.017449494,0
652,-0.5745186,-0.018204523,0
653,-0.5933427,-0.018824108,0
654,-0.61264753,-0.019304836,0
655,-0.63229245,-0.019644886,0
656,-0.6521365,-0.019844053,0
657,-0.6720402,-0.019903736,0
658,-0.69186705,-0.01982686,0
659,-0.71148485,-0.019617768,0
660,-0.7307669,-0.019282062,0
661,-0.7495933,-0.018826416,0
662,-0.76785165,-0.018258356,0
663,-0.7854377,-0.017586049,0
664,-0.8022558,-0.016818073,0
665,-0.818219,-0.015963202,0
666,-0.8332492,-0.015030219,0
667,-0.847277,-0.014027738,0
668,-0.860241,-0.012964063,0
669,-0.8720881,-0.011847081,0
670,-0.88277227,-0.010684183,0
671,-0.8922545,-0.009482216,0
672,-0.90050197,-0.0082474705,0
673,-0.90748763,-0.0069856844,0
674,-0.9131897,-0.0057020755,0
675,-0.91759115,-0.0044013974,0
676,-0.92067915,-0.0030880044,0
677,-0.92244506,-0.0017659306,0
678,-0.92288405,-0.00043898224,0
679,-0.92199486,0.0008891677,0
680,-0.91877997,0.0032148797,1
681,-0.91324836,0.0055316384,1
682,-0.9054159,0.007832488,1
683,-0.89530617,0.010109729,1
684,-0.8829515,0.01235464,1
685,-0.86839426,0.014557242,1
686,-0.85168815,0.016706115,1
687,-0.83289987,0.018788284,1
688,-0.81211066,0.020789195,1
689,-0.78941786,0.022692801,1
690,-0.7649361,0.024481757,1
691,-0.7387984,0.026137747,1
692,-0.7111564,0.027641937,1
693,-0.6821809,0.028975561,1
694,-0.6520603,0.030120565,1
695,-0.62099993,0.031060355,1
696,-0.58921945,0.03178051,1
697,-0.5559499,0.033269495,2
698,-0.5214382,0.034511745,2
699,-0.48594266,0.035495542,2
700,-0.44972894,0.036213722,2
701,-0.41306472,0.03666422,2
702,-0.37621439,0.036850326,2
703,-0.33943376,0.03678061,2
704,-0.3029652,0.036468577,2
705,-0.26703316,0.035932034,2
706,-0.23184092,0.03519224,2
707,-0.19756797,0.034272943,2
708,-0.16436861,0.03319936,2
709,-0.13237143,0.031997193,2
710,-0.10167968,0.030691741,2
711,-0.072372526,0.029307153,2
712,-0.04450668,0.027865846,2
713,-0.018118583,0.026388098,2
714,0.006773207,0.02489179,2
715,0.030165512,0.023392307,2
716,0.052068047,0.021902537,2
717,0.072501026,0.020432973,2
718,0.0914929,0.018991876,2
719,0.109078355,0.017585458,2
720,0.12529647,0.016218122,2
721,0.14018914,0.014892668,2
722,0.15379967,0.013610525,2
723,0.16617163,0.012371949,2
724,0.17734784,0.011176215,2
725,0.18736961,0.010021784,2
726,0.19627607,0.008906452,2
727,0.20410354,0.007827472,2
728,0.21088521,0.006781666,2
729,0.21665072,0.005765516,2
730,0.22142597,0.004775234,2
731,0.2252328,0.0038068288,2
732,0.22808895,0.0028561528,2
733,0.23000789,0.001918946,2
734,0.23099875,0.0009908687,2
735,0.23106629,6.753034e-05,2
736,0.2302108,-0.00085548434,2
737,0.22742821,-0.0027825925,1
738,0.22270527,-0.004722928,1
739,0.21601988,-0.0066854036,1
740,0.20734133,-0.008678545,1
741,0.19663103,-0.010710297,1
742,0.18384324,-0.0127877975,1
743,0.16892613,-0.014917107,1
744,0.15182324,-0.01710289,1
745,0.13247521,-0.019348025,1
746,0.11082204,-0.021653177,1
747,0.08680576,-0.024016278,1
748,0.06037378,-0.026431983,1
749,0.03148269,-0.02889109,1
750,0.000102741746,-0.031379946,1
751,-0.033777207,-0.033879947,1
752,-0.070144325,-0.036367122,1
753,-0.1089563,-0.038811974,1
754,-0.1501359,-0.041179605,1
755,-0.19356619,-0.04343028,1
756,-0.23908667,-0.045520477,1
757,-0.28649116,-0.0474045,1
758,-0.33552778,-0.049036592,1
759,-0.38690123,-0.05137347,0
760,-0.44027144,-0.053370208,0
761,-0.49526012,-0.054988675,0
762,-0.5514611,-0.05620096,0
763,-0.60845333,-0.056992233,0
764,-0.665816,-0.057362676,0
765,-0.7231441,-0.057328112,0
766,-0.7800634,-0.05691932,0
767,-0.8362435,-0.05618007,0
768,-0.8914077,-0.05516423,0
769,-0.94534004,-0.053932335,0
770,-0.9978882,-0.052548148,0
771,-1.0489637,-0.05107545,0
772,-1.0985391,-0.04957549,0
773,-1.1466442,-0.048105083,0
774,-1.1933597,-0.04671552,0
775,-1.2,0.0,0
776,-1.1987581,0.0012418961,0
777,-1.1952702,0.0034878983,1
778,-1.1895249,0.0057452656,1
779,-1.1815041,0.0080208145,1
780,-1.1711835,0.010320615,1
781,-1.1585338,0.012649659,1
782,-1.1435224,0.015011499,1
783,-1.1261145,0.01740784,1
784,-1.1062764,0.019838102,1
785,-1.0839775,0.02229894,1
786,-1.0591937,0.024783736,1
787,-1.0319116,0.027282117,1
788,-1.0021322,0.02977949,1
789,-0.96987545,0.032256678,1
790,-0.93518573,0.034689717,1
791,-0.89813584,0.03704989,1
792,-0.85883176,0.03930406,1
793,-0.81741637,0.0414154,1
794,-0.7740718,0.04334456,1
795,-0.7290206,0.04505125,1
796,-0.6825243,0.04649623,1
797,-0.63488084,0.047643524,1
798,-0.5864181,0.048462722,1
799,-0.536487,0.049931083,2
800,-0.48545927,0.051027723,2
801,-0.43371698,0.0517423,2
802,-0.38164067,0.052076325,2
803,-0.32959712,0.05204353,2
804,-0.27792785,0.05166928,2
805,-0.22693875,0.050989084,2
806,-0.17689233,0.050046436,2
807,-0.12800205,0.048890274,2
808,-0.080429696,0.04757235,2
809,-0.034284927,0.046144772,2
810,0.010373056,0.044657983,2
811,0.05353225,0.043159194,2
812,0.09522361,0.041691363,2
813,0.13551629,0.04029268,2
814,0.17451274,0.038996454,2
815,0.21234407,0.037831314,2
816,0.24916571,0.036821652,2
817,0.2851539,0.03598817,2
818,0.32050237,0.035348497,2
819,0.35542017,0.034917783,2
820,0.39012945,0.034709282,2
821,0.42486423,0.034734797,2
822,0.45986933,0.035005067,2
823,0.49539933,0.035530005,2
824,0.5317181,0.03631876,2
825,-0.413309,-0.0008179627,1
826,-0.41593915,-0.002630126,0
827,-0.42036274,-0.004423608,0
828,-0.4265483,-0.0061855596,0
829,-0.43445152,-0.007903198,0
830,-0.44401538,-0.0095638605,0
831,-0.45517045,-0.011155082,0
832,-0.46783516,-0.012664697,0
833,-0.48191613,-0.014080976,0
834,-0.4973089,-0.015392782,0
835,-0.5138987,-0.016589751,0
836,-0.53156114,-0.017662492,0
837,-0.5501639,-0.018602781,0
838,-0.5695677,-0.019403752,0
839,-0.58962774,-0.020060077,0
840,-0.6101959,-0.020568091,0
841,-0.63112175,-0.020925894,0
842,-0.6522551,-0.021133386,0
843,-0.6734474,-0.021192241,0
844,-0.69455326,-0.02110585,0
845,-0.7154324,-0.020879166,0
846,-0.73595095,-0.020518528,0
847,-0.75598234,-0.020031448,0
848,-0.77540874,-0.019426359,0
849,-0.7941211,-0.018712355,0
850,-0.81202,-0.017898938,0
851,-0.8290158,-0.016995773,0
852,-0.8450282,-0.01601246,0
853,-0.8599866,-0.014958351,0
854,-0.873829,-0.013842384,0
855,-0.88650197,-0.012672968,0
856,-0.8979598,-0.011457895,0
857,-0.90816414,-0.010204296,0
858,-0.9170828,-0.008918627,0
859,-0.9246895,-0.007606682,0
860,-0.9309631,-0.0062736324,0
861,-0.93588716,-0.004924091,0
862,-0.93944937,-0.0035621882,0
863,-0.94164103,-0.0021916637,0
864,-0.942457,-0.00081596925,0
865,-0.94189537,0.00056162383,0
866,-0.93895745,0.0029379118,1
867,-0.9336502,0.005307262,1
868,-0.9259866,0.0076636127,1
869,-0.9159865,0.0100001395,1
870,-0.9036775,0.012308944,1
871,-0.88909674,0.014580774,1
872,-0.8722919,0.016804803,1
873,-0.85332346,0.018968467,1
874,-0.83226603,0.021057399,1
875,-0.8092106,0.023055457,1
876,-0.7842657,0.024944892,1
877,-0.75755906,0.026706643,1
878,-0.7292383,0.028320782,1
879,-0.6994712,0.029767092,1
880,-0.6684454,0.031025782,1
881,-0.63636714,0.032078266,1
882,-0.6034592,0.03290799,1
883,-0.5699579,0.033501226,1
884,-0.5351101,0.0348478,2
885,-0.49917603,0.035934117,2
886,-0.4624249,0.03675111,2
887,-0.42513004,0.03729488,2
888,-0.38756296,0.037567057,2
889,-0.3499881,0.037574876,2
890,-0.31265724,0.03733087,2
891,-0.2758049,0.036852308,2
892,-0.23964456,0.036160354,2
893,-0.20436548,0.035279084,2
894,-0.17013107,0.03423441,2
895,-0.13707805,0.033053026,2
896,-0.10531659,0.031761456,2
897,-0.07493138,0.030385202,2
898,-0.045983277,0.028948102,2
899,-0.018511428,0.027471852,2
900,0.00746428,0.025975706,2
901,0.031940613,0.024476333,2
902,0.054928415,0.022987802,2
903,0.07645008,0.021521667,2
904,0.09653722,0.020087132,2
905,0.11522846,0.018691245,2
906,0.1325676,0.017339136,2
907,0.14860184,0.016034253,2
908,0.16338044,0.0147785945,2
909,0.17695338,0.0135729285,2
910,0.18937036,0.012416999,2
911,0.20068008,0.011309702,2
912,0.21092932,0.010249247,2
913,0.22016262,0.009233292,2
914,0.22842167,0.00825906,2
915,0.2357451,0.0073234313,2
916,0.24216813,0.006423028,2
917,0.2477224,0.005554276,2
918,0.25243586,0.004713453,2
919,0.25633258,0.003896732,2
920,0.2594328,0.0031002122,2
921,0.26175275,0.0023199392,2
922,0.26330468,0.0015519249,2
923,0.26409683,0.0007921589,2
924,0.26413345,3.6617832e-05,2
925,0.2634147,-0.0007187277,2
926,0.2609368,-0.0024779073,1
927,0.25668657,-0.004250243,1
928,0.25064164,-0.006044916,1
929,0.24277079,-0.007870854,1
930,0.2330342,-0.009736601,1
931,0.22138405,-0.011650152,1
932,0.2077653,-0.0136187505,1
933,0.19211665,-0.015648648,1
934,0.17437185,-0.01774479,1
935,0.1544614,-0.019910458,1
936,0.13231458,-0.022146821,1
937,0.10786214,-0.024452439,1
938,0.08103944,-0.026822692,1
939,0.051790275,-0.02924917,1
940,0.020071216,-0.031719055,1
941,-0.01414331,-0.034214526,1
942,-0.050855584,-0.036712278,1
943,-0.09003882,-0.039183237,1
944,-0.1316314,-0.041592587,1
945,-0.17553158,-0.04390018,1
946,-0.22159308,-0.04606149,1
947,-0.2696222,-0.04802912,1
948,-0.31937712,-0.049754918,1
949,-0.37156966,-0.052192543,0
950,-0.4258633,-0.05429364,0
951,-0.4818795,-0.0560162,0
952,-0.53920776,-0.057328276,0
953,-0.597419,-0.058211252,0
954,-0.65608114,-0.058662113,0
955,-0.71477556,-0.05869445,0
956,-0.77311355,-0.058337945,0
957,-0.83075005,-0.057636514,0
958,-0.8873954,-0.05664531,0
959,-0.9428225,-0.055427138,0
960,-0.9968712,-0.054048702,0
961,-1.0494484,-0.052577138,0
962,-1.1005255,-0.0510772,0
963,-1.1501347,-0.04960912,0
964,-1.198362,-0.048227385,0
965,-1.2,0.0,0
966,-1.1987581,0.0012418961,0
967,-1.1952702,0.0034878983,1
968,-1.1895249,0.0057452656,1
969,-1.1815041,0.0080208145,1
970,-1.1711835,0.010320615,1
971,-1.1585338,0.012649659,1
972,-1.1435224,0.015011499,1
973,-1.1261145,0.01740784,1
974,-1.1062764,0.019838102,1
975,-1.0839775,0.02229894,1
976,-1.0591937,0.024783736,1
977,-1.0319116,0.027282117,1
978,-1.0021322,0.02977949,1
979,-0.96987545,0.032256678,1
980,-0.93518573,0.034689717,1
981,-0.89813584,0.03704989,1
982,-0.85883176,0.03930406,1
983,-0.81741637,0.0414154,1
984,-0.7740718,0.04334456,1
985,-0.7290206,0.04505125,1
986,-0.6825243,0.04649623,1
987,-0.63488084,0.047643524,1
988,-0.5864181,0.048462722,1
989,-0.536487,0.049931083,2
990,-0.48545927,0.051027723,2
991,-0.43371698,0.0517423,2
992,-0.38164067,0.052076325,2
993,-0.32959712,0.05204353,2
994,-0.27792785,0.05166928,2
995,-0.22693875,0.050989084,2
996,-0.17689233,0.050046436,2
997,-0.12800205,0.048890274,2
998,-0.080429696,0.04757235,2
999,-0.034284927,0.046144772,2
1000,0.010373056,0.044657983,2
1001,0.05353225,0.043159194,2
1002,0.09522361,0.041691363,2
1003,0.13551629,0.04029268,2
1004,0.17451274,0.038996454,2
1005,0.21234407,0.037831314,2
1006,0.24916571,0.036821652,2
1007,0.2851539,0.03598817,2
1008,0.32050237,0.035348497,2
1009,0.35542017,0.034917783,2
1010,0.39012945,0.034709282,2
1011,0.42486423,0.034734797,2
1012,0.45986933,0.035005067,2
1013,0.49539933,0.035530005,2
1014,0.5317181,0.03631876,2
1015,-0.49932125,-0.00018329144,1
1016,-0.50068647,-0.0013652119,0
1017,-0.5032234,-0.0025369187,0
1018,-0.506913,-0.003689639,0
1019,-0.51172775,-0.00481473,0
1020,-0.51763153,-0.0059037437,0
1021,-0.52458,-0.0069484957,0
1022,-0.5325211,-0.007941137,0
1023,-0.54139537,-0.008874227,0
1024,-0.5511362,-0.0097408155,0
1025,-0.5616707,-0.01053452,0
1026,-0.5729203,-0.011249601,0
1027,-0.5848013,-0.011881038,0
1028,-0.5972259,-0.012424594,0
1029,-0.6101028,-0.012876869,0
1030,-0.62333816,-0.013235346,0
1031,-0.6368366,-0.013498413,0
1032,-0.6505019,-0.013665372,0
1033,-0.66423833,-0.013736423,0
1034,-0.677951,-0.013712645,0
1035,-0.6915469,-0.013595932,0
1036,-0.70493585,-0.013388942,0
1037,-0.71803087,-0.013095011,0
1038,-0.73074895,-0.012718066,0
1039,-0.7430115,-0.012262528,0
1040,-0.7547447,-0.011733218,0
1041,-0.7658799,-0.011135256,0
1042,-0.77635396,-0.01047397,0
1043,-0.78610873,-0.009754812,0
1044,-0.79509205,-0.008983281,0
1045,-0.80325687,-0.008164859,0
1046,-0.81056184,-0.0073049646,0
1047,-0.81697077,-0.0064089084,0
1048,-0.8224526,-0.0054818764,0
1049,-0.82698154,-0.004528914,0
1050,-0.8305365,-0.0035549274,0
1051,-0.83310115,-0.0025646924,0
1052,-0.83466405,-0.001562876,0
1053,-0.8352181,-0.00055406004,0
1054,-0.83476084,0.0004572268,0
1055,-0.8322944,0.0024664751,1
1056,-0.8278297,0.0044646612,1
1057,-0.8213872,0.006442545,1
1058,-0.8129967,0.008390509,1
1059,-0.80269825,0.010298416,1
1060,-0.7905428,0.01215551,1
1061,-0.77659243,0.013950348,1
1062,-0.7609216,0.015670804,1
1063,-0.7436175,0.017304117,1
1064,-0.72478044,0.01883702,1
1065,-0.7045245,0.020255933,1
1066,-0.6829773,0.021547223,1
1067,-0.66027975,0.022697534,1
1068,-0.6365856,0.023694156,1
1069,-0.6120602,0.024525423,1
1070,-0.5868791,0.025181124,1
1071,-0.5602262,0.02665288,2
1072,-0.53229916,0.027927034,2
1073,-0.50330687,0.028992279,2
1074,-0.4734667,0.029840184,2
1075,-0.4430011,0.030465608,2
1076,-0.41213408,0.030867,2
1077,-0.38108757,0.031046508,2
1078,-0.35007766,0.031009939,2
1079,-0.31931114,0.030766515,2
1080,-0.28898263,0.030328486,2
1081,-0.25927204,0.029710596,2
1082,-0.23034257,0.028929476,2
1083,-0.20233957,0.028002998,2
1084,-0.17538996,0.026949616,2
1085,-0.14960217,0.025787774,2
1086,-0.12506682,0.02453536,2
1087,-0.10185754,0.023209276,2
1088,-0.08003246,0.021825088,2
1089,-0.059635658,0.0203968,2
1090,-0.040698953,0.018936705,2
1091,-0.023243638,0.017455315,2
1092,-0.0072822464,0.015961392,2
1093,0.007179741,0.014461988,2
1094,0.02014231,0.012962568,2
1095,0.03160944,0.01146713,2
1096,0.0415878,0.009978362,2
1097,0.050085597,0.008497794,2
1098,0.057111558,0.007025963,2
1099,0.06267413,0.0055625676,2
1100,0.06678075,0.0041066282,2
1101,0.069437385,0.0026566319,2
1102,0.07064807,0.0012106785,2
1103,0.070414685,-0.00023338097,2
1104,0.06773688,-0.002677808,1
1105,0.06261051,-0.0051263673,1
1106,0.055028114,-0.007582396,1
1107,0.044979706,-0.010048407,1
1108,0.032454025,-0.0125256805,1
1109,0.017440185,-0.015013841,1
1110,-7.023587e-05,-0.01751042,1
1111,-0.020080656,-0.02001042,1
1112,-0.042586543,-0.022505885,1
1113,-0.06757205,-0.024985509,1
1114,-0.09500637,-0.027434317,1
1115,-0.12483983,-0.029833458,1
1116,-0.15699999,-0.032160167,1
1117,-0.19138795,-0.034387954,1
1118,-0.22787502,-0.036487073,1
1119,-0.26630032,-0.038425293,1
1120,-0.30646935,-0.04016903,1
1121,-0.34915408,-0.042684756,0
1122,-0.39408827,-0.044934183,0
1123,-0.44096953,-0.04688126,0
1124,-0.4894642,-0.04849465,0
1125,-0.5392144,-0.049750213,0
1126,-0.58984756,-0.050633136,0
1127,-0.6409871,-0.051139537,0
1128,-0.69226426,-0.05127721,0
1129,-0.7433298,-0.051065512,0
1130,-0.79386413,-0.05053431,0
1131,-0.8435863,-0.049722224,0
1132,-0.8922606,-0.0486743,0
1133,-0.9397002,-0.047439534,0
1134,-0.98576856,-0.04606841,0
1135,-1.0303793,-0.044610742,0
1136,-1.0734932,-0.043113925,0
1137,-1.1151149,-0.0416217,0
1138,-1.1552883,-0.040173415,0
1139,-1.194092,-0.038803708,0
1140,-1.2,0.0,0
1141,-1.1987581,0.0012418961,0
1142,-1.1952702,0.0034878983,1
1143,-1.1895249,0.0057452656,1
1144,-1.1815041,0.0080208145,1
1145,-1.1711835,0.010320615,1
1146,-1.1585338,0.012649659,1
1147,-1.1435224,0.015011499,1
1148,-1.1261145,0.01740784,1
1149,-1.1062764,0.019838102,1
1150,-1.0839775,0.02229894,1
1151,-1.0591937,0.024783736,1
1152,-1.0319116,0.027282117,1
1153,-1.0021322,0.02977949,1
1154,-0.96987545,0.032256678,1
1155,-0.93518573,0.034689717,1
1156,-0.89813584,0.03704989,1
1157,-0.85883176,0.03930406,1
1158,-0.81741637,0.0414154,1
1159,-0.7740718,0.04334456,1
1160,-0.7290206,0.04505125,1
1161,-0.6825243,0.04649623,1
1162,-0.63488084,0.047643524,1
1163,-0.5864181,0.048462722,1
1164,-0.536487,0.049931083,2
1165,-0.48545927,0.051027723,2
1166,-0.43371698,0.0517423,2
1167,-0.38164067,0.052076325,2
1168,-0.32959712,0.05204353,2
1169,-0.27792785,0.05166928,2
1170,-0.22693875,0.050989084,2
1171,-0.17689233,0.050046436,2
1172,-0.12800205,0.048890274,2
1173,-0.080429696,0.04757235,2
1174,-0.034284927,0.046144772,2
1175,0.010373056,0.044657983,2
1176,0.05353225,0.043159194,2
1177,0.09522361,0.041691363,2
1178,0.13551629,0.04029268,2
1179,0.17451274,0.038996454,2
1180,0.21234407,0.037831314,2
1181,0.24916571,0.036821652,2
1182,0.2851539,0.03598817,2
1183,0.32050237,0.035348497,2
1184,0.35542017,0.034917783,2
1185,0.39012945,0.034709282,2
1186,0.42486423,0.034734797,2
1187,0.45986933,0.035005067,2
1188,0.49539933,0.035530005,2
1189,0.5317181,0.03631876,2
1190,-0.44477656,-0.00058997335,1
1191,-0.44695222,-0.002175646,0
1192,-0.45069766,-0.003745443,0
1193,-0.45598552,-0.005287853,0
1194,-0.462777,-0.006791482,0
1195,-0.47102213,-0.008245119,0
1196,-0.48065993,-0.00963781,0
1197,-0.4916189,-0.010958962,0
1198,-0.5038173,-0.0121984435,0
1199,-0.51716405,-0.013346717,0
1200,-0.53155905,-0.014394974,0
1201,-0.5468943,-0.015335279,0
1202,-0.563055,-0.016160704,0
1203,-0.5799205,-0.016865473,0
1204,-0.59736556,-0.017445067,0
1205,-0.61526185,-0.01789632,0
1206,-0.63347936,-0.01821748,0
1207,-0.65188754,-0.01840822,0
1208,-0.67035717,-0.018469632,0
1209,-0.68876135,-0.01840416,0
1210,-0.7069769,-0.018215507,0
1211,-0.72488534,-0.017908504,0
1212,-0.7423743,-0.017488943,0
1213,-0.7593377,-0.016963417,0
1214,-0.77567685,-0.016339116,0
1215,-0.7913005,-0.015623649,0
1216,-0.80612534,-0.014824858,0
1217,-0.820076,-0.013950656,0
1218,-0.8330849,-0.013008871,0
1219,-0.845092,-0.0120071275,0
1220,-0.85604477,-0.0109527465,0
1221,-0.8658974,-0.009852672,0
1222,-0.87461084,-0.008713431,0
1223,-0.88215196,-0.007541105,0
1224,-0.8884933,-0.006341346,0
1225,-0.8936127,-0.005119388,0
1226,-0.89749277,-0.0038800947,0
1227,-0.9001208,-0.0026280147,0
1228,-0.90148824,-0.0013674472,0
1229,-0.90159076,-0.00010251904,0
1230,-0.90042806,0.0011627346,0
1231,-0.89700377,0.003424285,1
1232,-0.891329,0.00567477,1
1233,-0.8834226,0.007906395,1
1234,-0.87331194,0.010110667,1
1235,-0.86103374,0.012278154,1
1236,-0.84663546,0.014398293,1
1237,-0.83017623,0.016459249,1
1238,-0.81172836,0.018447846,1
1239,-0.7913788,0.020349594,1
1240,-0.76923,0.022148792,1
1241,-0.7454012,0.023828767,1
1242,-0.720029,0.025372216,1
1243,-0.69326735,0.026761645,1
1244,-0.66528744,0.02797992,1
1245,-0.6362766,0.029010871,1
1246,-0.6064366,0.029839953,1
1247,-0.57598174,0.030454861,1
1248,-0.54413563,0.031846117,2
1249,-0.5111356,0.03300005,2
1250,-0.477229,0.033906594,2
1251,-0.44266906,0.034559943,2
1252,-0.40771013,0.034958914,2
1253,-0.372603,0.035107154,2
1254,-0.33758998,0.03501302,2
1255,-0.30290073,0.034689236,2
1256,-0.2687484,0.034152314,2
1257,-0.23532663,0.03342178,2
1258,-0.20280729,0.03251934,2
1259,-0.17133933,0.031467963,2
1260,-0.14104831,0.030291023,2
1261,-0.11203679,0.029011518,2
1262,-0.08438539,0.027651405,2
1263,-0.058154296,0.02623109,2
1264,-0.033385254,0.02476904,2
1265,-0.010103689,0.023281567,2
1266,0.011679028,0.021782717,2
1267,0.031963278,0.02028425,2
1268,0.050759014,0.018795734,2
1269,0.06808368,0.017324664,2
1270,0.08396031,0.015876632,2
1271,0.09841583,0.014455519,2
1272,0.11147952,0.0130636925,2
1273,0.12318173,0.011702206,2
1274,0.1335527,0.010370976,2
1275,0.14262167,0.009068965,2
1276,0.150416,0.0077943313,2
1277,0.15696058,0.0065445723,2
1278,0.16227722,0.0053166505,2
1279,0.16638432,0.004107102,2
1280,0.16929646,0.0029121311,2
1281,0.17102416,0.0017276987,2
1282,0.17157376,0.00054959755,2
1283,0.17094727,-0.0006264774,2
1284,0.16814241,-0.0028048616,1
1285,0.16314892,-0.0049934904,1
1286,0.15594895,-0.007199973,1
1287,0.14651762,-0.009431326,1
1288,0.13482395,-0.011693682,1
1289,0.12083199,-0.0139919575,1
1290,0.10450249,-0.016329493,1
1291,0.08579485,-0.018707639,1
1292,0.064669564,-0.021125285,1
1293,0.041091185,-0.023578385,1
1294,0.015031771,-0.026059413,1
1295,-0.0135251,-0.02855687,1
1296,-0.044579912,-0.031054813,1
1297,-0.0781124,-0.03353249,1
1298,-0.11407656,-0.03596416,1
1299,-0.15239574,-0.03831918,1
1300,-0.19295818,-0.040562425,1
1301,-0.23561329,-0.04265512,1
1302,-0.28016946,-0.044556167,1
1303,-0.32639334,-0.04622388,1
1304,-0.37501147,-0.048618138,0
1305,-0.4257075,-0.050696,0
1306,-0.47812715,-0.052419677,0
1307,-0.5318868,-0.053759657,0
1308,-0.5865843,-0.054697502,0
1309,-0.64181226,-0.05522792,0
1310,-0.69717205,-0.055359785,0
1311,-0.75228804,-0.055116024,0
1312,-0.80682033,-0.054532275,0
1313,-0.86047494,-0.053654626,0
1314,-0.91301167,-0.05253671,0
1315,-0.96424824,-0.05123656,0
1316,-1.0140618,-0.049813565,0
1317,-1.0623877,-0.048325907,0
1318,-1.1092162,-0.046828505,0
1319,-1.1545879,-0.045371648,0
1320,-1.1985881,-0.044000275,0
1321,-1.2,0.0,0
1322,-1.1987581,0.0012418961,0
1323,-1.1952702,0.0034878983,1
1324,-1.1895249,0.0057452656,1
1325,-1.1815041,0.0080208145,1
1326,-1.1711835,0.010320615,1
1327,-1.1585338,0.012649659,1
1328,-1.1435224,0.015011499,1
1329,-1.1261145,0.01740784,1
1330,-1.1062764,0.019838102,1
1331,-1.0839775,0.02229894,1
1332,-1.0591937,0.024783736,1
1333,-1.0319116,0.027282117,1
1334,-1.0021322,0.02977949,1
1335,-0.96987545,0.032256678,1
1336,-0.93518573,0.034689717,1
1337,-0.89813584,0.03704989,1
1338,-0.85883176,0.03930406,1
1339,-0.81741637,0.0414154,1
1340,-0.7740718,0.04334456,1
1341,-0.7290206,0.04505125,1
1342,-0.6825243,0.04649623,1
1343,-0.63488084,0.047643524,1
1344,-0.5864181,0.048462722,1
1345,-0.536487,0.049931083,2
1346,-0.48545927,0.051027723,2
1347,-0.43371698,0.0517423,2
1348,-0.38164067,0.052076325,2
1349,-0.32959712,0.05204353,2
1350,-0.27792785,0.05166928,2
1351,-0.22693875,0.050989084,2
1352,-0.17689233,0.050046436,2
1353,-0.12800205,0.048890274,2
1354,-0.080429696,0.04757235,2
1355,-0.034284927,0.046144772,2
1356,0.010373056,0.044657983,2
1357,0.05353225,0.043159194,2
1358,0.09522361,0.041691363,2
1359,0.13551629,0.04029268,2
1360,0.17451274,0.038996454,2
1361,0.21234407,0.037831314,2
1362,0.24916571,0.036821652,2
1363,0.2851539,0.03598817,2
1364,0.32050237,0.035348497,2
1365,0.35542017,0.034917783,2
1366,0.39012945,0.034709282,2
1367,0.42486423,0.034734797,2
1368,0.45986933,0.035005067,2
1369,0.49539933,0.035530005,2
1370,0.5317181,0.03631876,2
1371,-0.5725376,0.0003684576,1
1372,-0.57080346,0.0017341817,2
1373,-0.5677164,0.0030870344,2
1374,-0.5632995,0.0044169514,2
1375,-0.5575854,0.005714003,2
1376,-0.550617,0.006968462,2
1377,-0.5424461,0.008170877,2
1378,-0.5331339,0.009312156,2
1379,-0.5227503,0.01038366,2
1380,-0.511373,0.011377296,2
1381,-0.49908736,0.012285624,2
1382,-0.48598543,0.013101954,2
1383,-0.47216496,0.013820452,2
1384,-0.45772874,0.014436227,2
1385,-0.44278333,0.014945411,2
1386,-0.4274381,0.015345216,2
1387,-0.41180414,0.015633972,2
1388,-0.395993,0.015811143,2
1389,-0.3801157,0.015877305,2
1390,-0.3642816,0.015834106,2
1391,-0.34859738,0.015684204,2
1392,-0.3331662,0.015431162,2
1393,-0.31808686,0.015079352,2
1394,-0.30345306,0.014633821,2
1395,-0.28935286,0.014100166,2
1396,-0.27586848,0.013484393,2
1397,-0.2630757,0.012792791,2
1398,-0.2510439,0.012031806,2
1399,-0.23983596,0.011207929,2
1400,-0.22950836,0.010327604,2
1401,-0.2201112,0.0093971435,2
1402,-0.21168853,0.008422675,2
1403,-0.20427844,0.0074100927,2
1404,-0.19791341,0.0063650417,2
1405,-0.1926205,0.0052929064,2
1406,-0.18842167,0.004198825,2
1407,-0.18533397,0.0030877083,2
1408,-0.18336968,0.001964278,2
1409,-0.18253657,0.0008331092,2
1410,-0.1828379,-0.0003013194,2
1411,-0.18527247,-0.0024345706,1
1412,-0.1898307,-0.0045582443,1
1413,-0.19649439,-0.0066636815,1
1414,-0.20523614,-0.008741751,1
1415,-0.21601881,-0.010782663,1
1416,-0.22879462,-0.0127758095,1
1417,-0.24350429,-0.014709666,1
1418,-0.26007602,-0.016571747,1
1419,-0.27842465,-0.01834863,1
1420,-0.29845074,-0.020026065,1
1421,-0.3200399,-0.021589177,1
1422,-0.34406263,-0.02402273,0
1423,-0.3703677,-0.026305085,0
1424,-0.39878199,-0.028414268,0
1425,-0.42911065,-0.03032867,0
1426,-0.46113855,-0.03202788,0
1427,-0.49463212,-0.033493593,0
1428,-0.5293427,-0.03471057,0
1429,-0.5650102,-0.035667494,0
1430,-0.6013679,-0.03635771,0
1431,-0.6381476,-0.036779717,0
1432,-0.675085,-0.03693741,0
1433,-0.71192497,-0.03683997,0
1434,-0.7484265,-0.036501475,0
1435,-0.7843667,-0.03594024,0
1436,-0.8195447,-0.03517795,0
1437,-0.85378337,-0.034238677,0
1438,-0.8869312,-0.033147857,0
1439,-0.91886246,-0.031931292,0
1440,-0.9494768,-0.0306143,0
1441,-0.9786978,-0.029220963,0
1442,-1.0064713,-0.027773565,0
1443,-1.0327635,-0.026292201,0
1444,-1.0575581,-0.024794545,0
1445,-1.0808538,-0.023295753,0
1446,-1.1026623,-0.021808485,0
1447,-1.1230053,-0.020343013,0
1448,-1.1419127,-0.018907387,0
1449,-1.1594204,-0.017507633,0
1450,-1.1755683,-0.016147982,0
1451,-1.1903994,-0.014831091,0
1452,-1.2,0.0,0
1453,-1.1987581,0.0012418961,0
1454,-1.1952702,0.0034878983,1
1455,-1.1895249,0.0057452656,1
1456,-1.1815041,0.0080208145,1
1457,-1.1711835,0.010320615,1
1458,-1.1585338,0.012649659,1
1459,-1.1435224,0.015011499,1
1460,-1.1261145,0.01740784,1
1461,-1.1062764,0.019838102,1
1462,-1.0839775,0.02229894,1
1463,-1.0591937,0.024783736,1
1464,-1.0319116,0.027282117,1
1465,-1.0021322,0.02977949,1
1466,-0.96987545,0.032256678,1
1467,-0.93518573,0.034689717,1
1468,-0.89813584,0.03704989,1
1469,-0.85883176,0.03930406,1
1470,-0.81741637,0.0414154,1
1471,-0.7740718,0.04334456,1
1472,-0.7290206,0.04505125,1
1473,-0.6825243,0.04649623,1
1474,-0.63488084,0.047643524,1
1475,-0.5864181,0.048462722,1
1476,-0.536487,0.049931083,2
1477,-0.48545927,0.051027723,2
1478,-0.43371698,0.0517423,2
1479,-0.38164067,0.052076325,2
1480,-0.32959712,0.05204353,2
1481,-0.27792785,0.05166928,2
1482,-0.22693875,0.050989084,2
1483,-0.17689233,0.050046436,2
1484,-0.12800205,0.048890274,2
1485,-0.080429696,0.04757235,2
1486,-0.034284927,0.046144772,2
1487,0.010373056,0.044657983,2
1488,0.05353225,0.043159194,2
1489,0.09522361,0.041691363,2
1490,0.13551629,0.04029268,2
1491,0.17451274,0.038996454,2
1492,0.21234407,0.037831314,2
1493,0.24916571,0.036821652,2
1494,0.2851539,0.03598817,2
1495,0.32050237,0.035348497,2
1496,0.35542017,0.034917783,2
1497,0.39012945,0.034709282,2
1498,0.42486423,0.034734797,2
1499,0.45986933,0.035005067,2
1500,0.49539933,0.035530005,2
1501,0.5317181,0.03631876,2
1502,-0.5941852,0.00052933075,1
1503,-0.59213036,0.0020547807,2
1504,-0.58856523,0.0035651545,2
1505,-0.5835159,0.0050493237,2
1506,-0.5770196,0.006496286,2
1507,-0.56912434,0.007895229,2
1508,-0.5598888,0.009235611,2
1509,-0.5493815,0.010507248,2
1510,-0.5376811,0.011700426,2
1511,-0.52487504,0.012806012,2
1512,-0.51105946,0.013815585,2
1513,-0.49633792,0.014721561,2
1514,-0.4808206,0.0155173335,2
1515,-0.4646232,0.016197376,2
1516,-0.44786584,0.016757363,2
1517,-0.4306716,0.017194241,2
1518,-0.41316533,0.01750628,2
1519,-0.39547223,0.017693099,2
1520,-0.3777166,0.017755637,2
1521,-0.3600205,0.017696114,2
1522,-0.34250256,0.01751793,2
1523,-0.325277,0.017225545,2
1524,-0.30845267,0.016824344,2
1525,-0.2921322,0.016320473,2
1526,-0.27641153,0.015720662,2
1527,-0.26137945,0.015032061,2
1528,-0.2471174,0.014262069,2
1529,-0.23369922,0.013418179,2
1530,-0.22119138,0.012507842,2
1531,-0.20965302,0.011538353,2
1532,-0.19913627,0.010516752,2
1533,-0.1896865,0.009449761,2
1534,-0.18134277,0.008343741,2
1535,-0.1741381,0.007204665,2
1536,-0.16809998,0.0060381223,2
1537,-0.16325064,0.00484934,2
1538,-0.15960743,0.003643216,2
1539,-0.15718305,0.0024243707,2
1540,-0.15598585,0.0011972066,2
1541,-0.15601987,-3.4022003e-05,2
1542,-0.158285,-0.0022651355,1
1543,-0.16277353,-0.004488533,1
1544,-0.16946988,-0.006696338,1
1545,-0.17835002,-0.0088801375,1
1546,-0.18938076,-0.011030746,1
1547,-0.20251876,-0.013138,1
1548,-0.21770938,-0.015190614,1
1549,-0.23488545,-0.01717608,1
1550,-0.25396612,-0.019080667,1
1551,-0.2748556,-0.020889483,1
1552,-0.2974423,-0.022586672,1
1553,-0.32159796,-0.024155676,1
1554,-0.34817758,-0.026579643,0
1555,-0.377013,-0.028835408,0
1556,-0.4079127,-0.030899707,0
1557,-0.44066274,-0.03275004,0
1558,-0.47502843,-0.03436566,0
1559,-0.5107571,-0.035728652,0
1560,-0.54758203,-0.03682494,0
1561,-0.58522725,-0.03764522,0
1562,-0.62341285,-0.038185637,0
1563,-0.66186106,-0.03844817,0
1564,-0.7003017,-0.038440682,0
1565,-0.7384783,-0.038176615,0
1566,-0.7761527,-0.03767434,0
1567,-0.8131089,-0.036956277,0
1568,-0.8491568,-0.036047827,0
1569,-0.884133,-0.034976225,0
1570,-0.91790247,-0.033769447,0
1571,-0.9503576,-0.03245517,0
1572,-0.98141754,-0.031059932,0
1573,-1.011026,-0.029608453,0
1574,-1.0391492,-0.028123157,0
1575,-1.065773,-0.026623886,0
1576,-1.0909008,-0.025127767,0
1577,-1.11455,-0.023649223,0
1578,-1.1367501,-0.022200083,0
1579,-1.1575398,-0.020789763,0
1580,-1.1769654,-0.01942549,0
1581,-1.1950779,-0.018112557,0
1582,-1.2,0.0,0
1583,-1.1987581,0.0012418961,0
1584,-1.1952702,0.0034878983,1
1585,-1.1895249,0.0057452656,1
1586,-1.1815041,0.0080208145,1
1587,-1.1711835,0.010320615,1
1588,-1.1585338,0.012649659,1
1589,-1.1435224,0.015011499,1
1590,-1.1261145,0.01740784,1
1591,-1.1062764,0.019838102,1
1592,-1.0839775,0.02229894,1
1593,-1.0591937,0.024783736,1
1594,-1.0319116,0.027282117,1
1595,-1.0021322,0.02977949,1
1596,-0.96987545,0.032256678,1
1597,-0.93518573,0.034689717,1
1598,-0.89813584,0.03704989,1
1599,-0.85883176,0.03930406,1
1600,-0.81741637,0.0414154,1
1601,-0.7740718,0.04334456,1
1602,-0.7290206,0.04505125,1
1603,-0.6825243,0.04649623,1
1604,-0.63488084,0.047643524,1
1605,-0.5864181,0.048462722,1
1606,-0.536487,0.049931083,2
1607,-0.48545927,0.051027723,2
1608,-0.43371698,0.0517423,2
1609,-0.38164067,0.052076325,2
1610,-0.32959712,0.05204353,2
1611,-0.27792785,0.05166928,2
1612,-0.22693875,0.050989084,2
1613,-0.17689233,0.050046436,2
1614,-0.12800205,0.048890274,2
1615,-0.080429696,0.04757235,2
1616,-0.034284927,0.046144772,2
1617,0.010373056,0.044657983,2
1618,0.05353225,0.043159194,2
1619,0.09522361,0.041691363,2
1620,0.13551629,0.04029268,2
1621,0.17451274,0.038996454,2
1622,0.21234407,0.037831314,2
1623,0.24916571,0.036821652,2
1624,0.2851539,0.03598817,2
1625,0.32050237,0.035348497,2
1626,0.35542017,0.034917783,2
1627,0.39012945,0.034709282,2
1628,0.42486423,0.034734797,2
1629,0.45986933,0.035005067,2
1630,0.49539933,0.035530005,2
1631,0.5317181,0.03631876,2
